{"cameraMode":{"drawMode":0,"name":"Shaded","section":"Shading Mode"},"sceneLighting":true,"audioPlay":false,"sceneViewState":{"m_AlwaysRefresh":false,"showFog":true,"showSkybox":true,"showFlares":true,"showImageEffects":true,"showParticleSystems":true,"showVisualEffectGraphs":true,"m_FxEnabled":true},"in2DMode":false,"pivot":{"x":170.09487915039063,"y":366.5425720214844,"z":28.46234130859375},"rotation":{"x":-0.15562231838703156,"y":-0.02638646773993969,"z":0.004187551327049732,"w":-0.9874853491783142},"size":279.1573486328125,"orthographic":false}