{"cameraMode":{"drawMode":0,"name":"Shaded","section":"Shading Mode"},"sceneLighting":false,"audioPlay":false,"sceneViewState":{"m_AlwaysRefresh":false,"showFog":true,"showSkybox":false,"showFlares":true,"showImageEffects":true,"showParticleSystems":true,"showVisualEffectGraphs":true,"m_FxEnabled":true},"in2DMode":false,"pivot":{"x":-0.3358529508113861,"y":-0.8885248899459839,"z":-1.7171497344970704},"rotation":{"x":0.13037839531898499,"y":-0.030920743942260743,"z":0.004043560475111008,"w":0.9910016655921936},"size":2.3083248138427736,"orthographic":false}