{"cameraMode":{"drawMode":0,"name":"Shaded","section":"Shading Mode"},"sceneLighting":false,"audioPlay":false,"sceneViewState":{"m_AlwaysRefresh":false,"showFog":true,"showSkybox":false,"showFlares":true,"showImageEffects":true,"showParticleSystems":true,"showVisualEffectGraphs":true,"m_FxEnabled":true},"in2DMode":false,"pivot":{"x":1.8493499755859376,"y":0.07807397842407227,"z":0.2098691463470459},"rotation":{"x":0.25085124373435976,"y":-0.04324924573302269,"z":0.011194627732038498,"w":0.9670228958129883},"size":4.7565693855285648,"orthographic":false}